year,quarter,period_role,n_raw,n_usable,usable_rate,january_1_flag_count,january_1_flag_rate_usable_denominator,short_abstract_review_count,short_abstract_review_rate_usable_denominator,suspected_text_language_mismatch_review_count,suspected_text_language_mismatch_review_rate_usable_denominator,preprint_published_version_review_count,preprint_published_version_review_rate_usable_denominator,version_history_unresolved_unknown_count,version_history_unresolved_unknown_rate_usable_denominator,article_count,article_proportion_usable_denominator,conference_paper_count,conference_paper_proportion_usable_denominator,preprint_count,preprint_proportion_usable_denominator,missing_primary_source_count,missing_primary_source_rate_usable_denominator,known_primary_source_denominator,source_hhi_known_primary_source_denominator,leading_source_1_id,leading_source_1_name,leading_source_1_count,leading_source_1_share_known_source_denominator,leading_source_2_id,leading_source_2_name,leading_source_2_count,leading_source_2_share_known_source_denominator,leading_source_3_id,leading_source_3_name,leading_source_3_count,leading_source_3_share_known_source_denominator,leading_source_4_id,leading_source_4_name,leading_source_4_count,leading_source_4_share_known_source_denominator,leading_source_5_id,leading_source_5_name,leading_source_5_count,leading_source_5_share_known_source_denominator
2021,Q1,primary_candidate_2021_2025,48757,31815,0.65252169,15848,0.49812981,672,0.02112211,358,0.01125255,2819,0.088606,28996,0.911394,15505,0.48734873,10878,0.34191419,5432,0.17073707,7332,0.23045733,24483,0.04290412,https://openalex.org/S4306400194,arXiv (Cornell University),4762,0.19450231,https://openalex.org/S2485537415,IEEE Access,1214,0.04958543,https://openalex.org/S4363608991,Proceedings of the 2021 Conference on Empirical Methods in Natural Language Processing,753,0.03075603,https://openalex.org/S4210187594,Journal of Physics Conference Series,545,0.02226034,https://openalex.org/S120348307,Procedia Computer Science,260,0.01061961
2021,Q2,primary_candidate_2021_2025,29114,24470,0.84048911,0,0.0,326,0.01332244,113,0.0046179,1968,0.08042501,22502,0.91957499,9768,0.39918267,7899,0.32280343,6803,0.27801389,6416,0.26219861,18054,0.11938978,https://openalex.org/S4306400194,arXiv (Cornell University),6122,0.33909383,https://openalex.org/S4210191458,Proceedings of the AAAI Conference on Artificial Intelligence,927,0.05134596,https://openalex.org/S4210187594,Journal of Physics Conference Series,499,0.0276393,https://openalex.org/S4306400562,Zenodo (CERN European Organization for Nuclear Research),253,0.01401352,https://openalex.org/S4306533463,Turkish Journal of Computer and Mathematics Education (TURCOMAT),182,0.01008087
2021,Q3,primary_candidate_2021_2025,28029,23313,0.83174569,0,0.0,339,0.01454124,142,0.00609102,1972,0.084588,21341,0.915412,9395,0.40299404,7998,0.34307039,5920,0.25393557,6206,0.26620341,17107,0.09882712,https://openalex.org/S4306400194,arXiv (Cornell University),5330,0.31156836,https://openalex.org/S4210187594,Journal of Physics Conference Series,364,0.02127784,https://openalex.org/S4306400562,Zenodo (CERN European Organization for Nuclear Research),230,0.01344479,https://openalex.org/S164566984,Physical Review A,163,0.00952826,https://openalex.org/S4363608771,Proceedings of the Genetic and Evolutionary Computation Conference Companion,162,0.00946981
2021,Q4,primary_candidate_2021_2025,30546,26817,0.87792182,0,0.0,297,0.01107506,118,0.00440019,1831,0.06827759,24986,0.93172241,10206,0.38057948,9662,0.36029384,6949,0.25912667,5292,0.19733751,21525,0.0852842,https://openalex.org/S4306400194,arXiv (Cornell University),6231,0.28947735,https://openalex.org/S4363607764,2021 IEEE/CVF International Conference on Computer Vision (ICCV),321,0.01491289,https://openalex.org/S4306400562,Zenodo (CERN European Organization for Nuclear Research),277,0.01286876,https://openalex.org/S4210187594,Journal of Physics Conference Series,211,0.00980256,https://openalex.org/S4363607718,2021 IEEE International Conference on Big Data (Big Data),211,0.00980256
2022,Q1,primary_candidate_2021_2025,46805,31390,0.67065484,14053,0.44769035,487,0.0155145,288,0.0091749,1641,0.0522778,29749,0.9477222,15788,0.50296273,9706,0.30920675,5896,0.18783052,4891,0.15581395,26499,0.04206617,https://openalex.org/S4306400194,arXiv (Cornell University),5184,0.19563002,https://openalex.org/S2485537415,IEEE Access,967,0.03649194,https://openalex.org/S4306400562,Zenodo (CERN European Organization for Nuclear Research),576,0.02173667,https://openalex.org/S4363608652,Proceedings of the 60th Annual Meeting of the Association for Computational Linguistics (Volume 1: Long Papers),508,0.01917053,https://openalex.org/S235346,Wireless Communications and Mobile Computing,383,0.01445338
2022,Q2,primary_candidate_2021_2025,28800,25497,0.8853125,0,0.0,381,0.01494293,72,0.00282386,1548,0.06071303,23949,0.93928697,10651,0.41773542,7883,0.30917363,6963,0.27309095,2961,0.11613131,22536,0.07868242,https://openalex.org/S4306400194,arXiv (Cornell University),6181,0.27427228,https://openalex.org/S4210191458,Proceedings of the AAAI Conference on Artificial Intelligence,720,0.03194888,https://openalex.org/S4363607702,"ICASSP 2022 - 2022 IEEE International Conference on Acoustics, Speech and Signal Processing (ICASSP)",633,0.02808839,https://openalex.org/S4306400562,Zenodo (CERN European Organization for Nuclear Research),417,0.01850373,https://openalex.org/S4363607701,2022 IEEE/CVF Conference on Computer Vision and Pattern Recognition (CVPR),379,0.01681754
2022,Q3,primary_candidate_2021_2025,27512,23622,0.85860715,0,0.0,289,0.01223436,76,0.00321734,1400,0.05926679,22222,0.94073321,10287,0.43548387,7665,0.32448565,5670,0.24003048,3444,0.14579629,20178,0.06168608,https://openalex.org/S4306400194,arXiv (Cornell University),4891,0.2423927,https://openalex.org/S4306400562,Zenodo (CERN European Organization for Nuclear Research),468,0.02319358,https://openalex.org/S4363607707,2022 International Joint Conference on Neural Networks (IJCNN),463,0.02294578,https://openalex.org/S4363604309,Interspeech 2022,356,0.01764298,https://openalex.org/S4306525896,Research Square,281,0.01392606
2022,Q4,primary_candidate_2021_2025,33374,29703,0.89000419,0,0.0,324,0.01090799,96,0.003232,1226,0.04127529,28477,0.95872471,11324,0.38124095,10238,0.34467899,8141,0.27408006,6098,0.20529913,23605,0.09681114,https://openalex.org/S4306400194,arXiv (Cornell University),7265,0.30777378,https://openalex.org/S4306400562,Zenodo (CERN European Organization for Nuclear Research),697,0.02952764,https://openalex.org/S4306525896,Research Square,282,0.01194662,https://openalex.org/S4363607709,2022 IEEE International Conference on Big Data (Big Data),266,0.0112688,https://openalex.org/S4363608762,Proceedings of the 31st ACM International Conference on Information &amp; Knowledge Management,244,0.01033679
2023,Q1,primary_candidate_2021_2025,55544,37019,0.66648063,16824,0.45446933,987,0.02666198,321,0.00867122,1557,0.04205948,35462,0.95794052,18201,0.49166644,11878,0.32086226,6940,0.1874713,10149,0.27415651,26870,0.05324476,https://openalex.org/S4306400194,arXiv (Cornell University),5970,0.22218087,https://openalex.org/S2485537415,IEEE Access,1236,0.04599926,https://openalex.org/S4306400562,Zenodo (CERN European Organization for Nuclear Research),552,0.02054336,https://openalex.org/S4306402487,OSTI OAI (U.S. Department of Energy Office of Scientific and Technical Information),303,0.01127652,https://openalex.org/S4306525896,Research Square,296,0.011016
2023,Q2,primary_candidate_2021_2025,34606,31189,0.9012599,0,0.0,285,0.00913784,95,0.00304595,1288,0.04129661,29901,0.95870339,11716,0.37564526,9912,0.31780435,9561,0.30655039,8958,0.28721665,22231,0.14706088,https://openalex.org/S4306400194,arXiv (Cornell University),8421,0.37879538,https://openalex.org/S4210191458,Proceedings of the AAAI Conference on Artificial Intelligence,915,0.04115874,https://openalex.org/S4306400562,Zenodo (CERN European Organization for Nuclear Research),720,0.03238721,https://openalex.org/S4306525896,Research Square,284,0.01277495,https://openalex.org/S4210205812,Applied Sciences,199,0.00895146
2023,Q3,primary_candidate_2021_2025,32541,28152,0.865124,0,0.0,417,0.01481245,87,0.00309037,1382,0.04909065,26770,0.95090935,11414,0.40544189,8753,0.3109193,7985,0.28363882,8652,0.30733163,19500,0.12280221,https://openalex.org/S4306400194,arXiv (Cornell University),6781,0.34774359,https://openalex.org/S4306400562,Zenodo (CERN European Organization for Nuclear Research),553,0.02835897,https://openalex.org/S4306525896,Research Square,315,0.01615385,https://openalex.org/S4210205812,Applied Sciences,190,0.00974359,https://openalex.org/S164566984,Physical Review A,171,0.00876923
2023,Q4,primary_candidate_2021_2025,40275,35461,0.88047176,0,0.0,264,0.0074448,97,0.0027354,1192,0.03361439,34269,0.96638561,13096,0.36930713,12376,0.34900313,9989,0.28168974,12298,0.34680353,23163,0.14906536,https://openalex.org/S4306400194,arXiv (Cornell University),8920,0.38509692,https://openalex.org/S4306525896,Research Square,244,0.01053404,https://openalex.org/S4210209777,Applied Mathematics and Nonlinear Sciences,174,0.00751198,https://openalex.org/S4210205812,Applied Sciences,158,0.00682122,https://openalex.org/S164566984,Physical Review A,152,0.00656219
2024,Q1,primary_candidate_2021_2025,64606,44581,0.69004427,17416,0.3906597,562,0.01260627,343,0.00769386,1603,0.03595702,42978,0.96404298,21275,0.47722124,13736,0.30811332,9570,0.21466544,11024,0.24728023,33557,0.06671968,https://openalex.org/S4306400194,arXiv (Cornell University),8381,0.24975415,https://openalex.org/S2485537415,IEEE Access,1575,0.04693507,https://openalex.org/S4210191458,Proceedings of the AAAI Conference on Artificial Intelligence,1082,0.03224365,https://openalex.org/S4210209777,Applied Mathematics and Nonlinear Sciences,461,0.01373782,https://openalex.org/S120348307,Procedia Computer Science,385,0.01147302
2024,Q2,primary_candidate_2021_2025,38993,34717,0.89033929,0,0.0,218,0.00627934,128,0.00368695,1304,0.03756085,33413,0.96243915,13873,0.3996025,10556,0.30405853,10288,0.29633897,10481,0.30189821,24236,0.14583835,https://openalex.org/S4306400194,arXiv (Cornell University),9230,0.38083842,https://openalex.org/S5406946370,Journal of Electrical Systems,230,0.00949001,https://openalex.org/S4210240841,INTERANTIONAL JOURNAL OF SCIENTIFIC RESEARCH IN ENGINEERING AND MANAGEMENT,183,0.00755075,https://openalex.org/S164566984,Physical Review A,175,0.00722066,https://openalex.org/S4306525896,Research Square,170,0.00701436
2024,Q3,primary_candidate_2021_2025,36654,31568,0.86124297,0,0.0,158,0.00500507,114,0.00361125,1395,0.04419032,30173,0.95580968,13513,0.42806006,9325,0.29539407,8730,0.27654587,9350,0.29618601,22218,0.1176825,https://openalex.org/S4306400194,arXiv (Cornell University),7595,0.34183995,https://openalex.org/S6309402219,Preprints.org,235,0.01057701,https://openalex.org/S164566984,Physical Review A,188,0.00846161,https://openalex.org/S4210205812,Applied Sciences,167,0.00751643,https://openalex.org/S196734849,Scientific Reports,150,0.00675128
2024,Q4,primary_candidate_2021_2025,46711,39325,0.84187879,0,0.0,181,0.00460267,170,0.00432295,1277,0.03247298,38048,0.96752702,15828,0.40249205,12612,0.32071202,10885,0.27679593,12866,0.32717101,26459,0.12780455,https://openalex.org/S4306400194,arXiv (Cornell University),9434,0.35655165,https://openalex.org/S6309402219,Preprints.org,248,0.00937299,https://openalex.org/S196734849,Scientific Reports,211,0.0079746,https://openalex.org/S4210205812,Applied Sciences,194,0.0073321,https://openalex.org/S4210202905,Electronics,163,0.00616047
2025,Q1,primary_candidate_2021_2025,68976,46076,0.66800046,17350,0.37655178,405,0.00878983,353,0.00766126,2801,0.06079087,43275,0.93920913,24215,0.52554475,12659,0.27474173,9202,0.19971352,11557,0.25082472,34519,0.0516104,https://openalex.org/S4306400194,arXiv (Cornell University),7619,0.22071902,https://openalex.org/S2485537415,IEEE Access,1476,0.04275906,https://openalex.org/S120348307,Procedia Computer Science,480,0.01390539,https://openalex.org/S196734849,Scientific Reports,267,0.00773487,https://openalex.org/S61310614,IEEE Transactions on Information Forensics and Security,258,0.00747414
2025,Q2,primary_candidate_2021_2025,44280,39089,0.88276874,0,0.0,226,0.00578168,190,0.0048607,1545,0.03952519,37544,0.96047481,17204,0.44012382,10973,0.28071836,10912,0.27915782,10196,0.26084065,28893,0.10400381,https://openalex.org/S4306400194,arXiv (Cornell University),9188,0.3180009,https://openalex.org/S4210191458,Proceedings of the AAAI Conference on Artificial Intelligence,1271,0.04398989,https://openalex.org/S6309402219,Preprints.org,361,0.01249438,https://openalex.org/S4210240841,INTERANTIONAL JOURNAL OF SCIENTIFIC RESEARCH IN ENGINEERING AND MANAGEMENT,254,0.00879106,https://openalex.org/S196734849,Scientific Reports,249,0.008618
2025,Q3,primary_candidate_2021_2025,36162,29249,0.80883248,0,0.0,191,0.00653014,170,0.00581216,1460,0.04991624,27789,0.95008376,15455,0.52839413,5534,0.18920305,8260,0.28240282,5726,0.19576738,23523,0.08249678,https://openalex.org/S4306400194,arXiv (Cornell University),6704,0.28499766,https://openalex.org/S196734849,Scientific Reports,369,0.01568677,https://openalex.org/S6309402219,Preprints.org,324,0.01377375,https://openalex.org/S4306400562,Zenodo (CERN European Organization for Nuclear Research),198,0.00841729,https://openalex.org/S4210205812,Applied Sciences,185,0.00786464
2025,Q4,primary_candidate_2021_2025,26131,18703,0.71573993,0,0.0,183,0.00978453,197,0.01053307,1531,0.08185853,17172,0.91814147,12862,0.68769716,2056,0.10992889,3785,0.20237395,1544,0.0825536,17159,0.03542818,https://openalex.org/S4306400194,arXiv (Cornell University),2259,0.13165103,https://openalex.org/S4306400562,Zenodo (CERN European Organization for Nuclear Research),2197,0.12803776,https://openalex.org/S196734849,Scientific Reports,462,0.02692465,https://openalex.org/S4210205812,Applied Sciences,160,0.00932455,https://openalex.org/S164566984,Physical Review A,153,0.0089166
2026,Q1,pending_stage_1B_recent_censored_excluded,46727,26966,0.57709675,8881,0.32934065,605,0.02243566,367,0.01360973,1992,0.0738708,24974,0.9261292,19365,0.71812653,3386,0.12556553,4215,0.15630794,1054,0.03908626,25912,0.06836209,https://openalex.org/S4306400562,Zenodo (CERN European Organization for Nuclear Research),6487,0.25034733,https://openalex.org/S4210191458,Proceedings of the AAAI Conference on Artificial Intelligence,1266,0.04885767,https://openalex.org/S2485537415,IEEE Access,1095,0.04225841,https://openalex.org/S4306400194,arXiv (Cornell University),393,0.01516672,https://openalex.org/S196734849,Scientific Reports,373,0.01439487
2026,Q2,pending_stage_1B_recent_censored_excluded,31721,21945,0.69181299,0,0.0,430,0.01959444,154,0.00701754,1996,0.09095466,19949,0.90904534,14865,0.67737526,1495,0.06812486,5585,0.25449989,1140,0.05194805,20805,0.15498852,https://openalex.org/S4306400562,Zenodo (CERN European Organization for Nuclear Research),8148,0.39163663,https://openalex.org/S196734849,Scientific Reports,497,0.02388849,https://openalex.org/S4306400194,arXiv (Cornell University),386,0.01855323,https://openalex.org/S4210205812,Applied Sciences,179,0.0086037,https://openalex.org/S4210202905,Electronics,151,0.00725787
2026,Q3,pending_stage_1B_recent_censored_excluded,32700,21146,0.64666667,0,0.0,341,0.01612598,121,0.00572212,1229,0.05811974,19917,0.94188026,13265,0.6273054,297,0.01404521,7584,0.35864939,245,0.01158612,20901,0.20851134,https://openalex.org/S4306400562,Zenodo (CERN European Organization for Nuclear Research),9510,0.45500215,https://openalex.org/S196734849,Scientific Reports,481,0.02301325,https://openalex.org/S4306400194,arXiv (Cornell University),324,0.01550165,https://openalex.org/S4210202905,Electronics,206,0.00985599,https://openalex.org/S4210227937,Advanced Electromagnetics,200,0.00956892
