year,quarter,total_matching,abstract_present_candidates,missing_abstract,abstract_present_pct,article,conference_paper,preprint,top_source,top_source_count,arxiv_primary_count,source_group_coverage_count
2021,1,48757,32126,16631,65.89,15672,10985,5469,arXiv (Cornell University),4789,4789,15441
2021,2,29114,24672,4442,84.743,9861,7986,6825,arXiv (Cornell University),6138,6138,12736
2021,3,28029,23552,4477,84.027,9473,8136,5943,arXiv (Cornell University),5347,5347,11543
2021,4,30546,26979,3567,88.323,10244,9756,6979,arXiv (Cornell University),6254,6254,14144
2022,1,46805,31561,15244,67.431,15820,9840,5901,arXiv (Cornell University),5185,5185,17094
2022,2,28800,25642,3158,89.035,10663,8013,6966,arXiv (Cornell University),6184,6184,15631
2022,3,27512,23761,3751,86.366,10298,7790,5673,arXiv (Cornell University),4893,4893,13641
2022,4,33374,29826,3548,89.369,11338,10344,8144,arXiv (Cornell University),7266,7266,15683
2023,1,55544,37206,18338,66.985,18242,12019,6945,arXiv (Cornell University),5970,5970,16861
2023,2,34606,31297,3309,90.438,11721,10011,9565,arXiv (Cornell University),8422,8422,15693
2023,3,32541,28332,4209,87.066,11432,8911,7989,arXiv (Cornell University),6782,6782,13016
2023,4,40275,35545,4730,88.256,13111,12444,9990,arXiv (Cornell University),8920,8920,15038
2024,1,64534,44649,19885,69.187,21242,13834,9573,arXiv (Cornell University),8385,8385,20983
2024,2,38907,34790,4117,89.418,13808,10688,10294,arXiv (Cornell University),9234,9234,15719
2024,3,36582,31640,4942,86.491,13452,9454,8734,arXiv (Cornell University),7597,7597,13725
2024,4,46616,39354,7262,84.422,15756,12703,10895,arXiv (Cornell University),9441,9441,15991
2025,1,68905,46150,22755,66.976,24191,12749,9210,arXiv (Cornell University),7623,7623,19654
2025,2,44195,39091,5104,88.451,17122,11048,10921,arXiv (Cornell University),9197,9197,18567
2025,3,36078,29304,6774,81.224,15384,5649,8271,arXiv (Cornell University),6712,6712,14236
2025,4,25981,18679,7302,71.895,12738,2147,3794,arXiv (Cornell University),2262,2262,10387
2026,1,46558,26955,19603,57.896,19264,3473,4218,Zenodo (CERN European Organization for Nuclear Research),6481,395,17301
2026,2,31597,21937,9660,69.427,14743,1596,5598,Zenodo (CERN European Organization for Nuclear Research),8152,387,14627
2026,3,32502,20948,11554,64.451,13055,317,7576,Zenodo (CERN European Organization for Nuclear Research),9509,314,15562
