key,name,count
https://openalex.org/T10028,Topic Modeling,56611
https://openalex.org/T10181,Natural Language Processing Techniques,36101
https://openalex.org/T10764,Privacy-Preserving Technologies in Data,28960
https://openalex.org/T10682,Quantum Computing Algorithms and Architecture,28510
https://openalex.org/T10320,Neural Networks and Applications,25363
https://openalex.org/T11512,Anomaly Detection Techniques and Applications,24634
https://openalex.org/T11689,Adversarial Robustness in Machine Learning,22648
https://openalex.org/T10020,Quantum Information and Cryptography,22185
https://openalex.org/T10862,AI in cancer detection,21951
https://openalex.org/T12128,AI in Service Interactions,17816
https://openalex.org/T11307,Domain Adaptation and Few-Shot Learning,17798
https://openalex.org/T10664,Sentiment Analysis and Opinion Mining,17014
https://openalex.org/T11273,Advanced Graph Neural Networks,16415
https://openalex.org/T10201,Speech Recognition and Synthesis,15780
https://openalex.org/T12026,Explainable Artificial Intelligence (XAI),14389
https://openalex.org/T10462,Reinforcement Learning in Robotics,13658
https://openalex.org/T12157,Geochemistry and Geologic Mapping,12172
https://openalex.org/T12262,Hate Speech and Cyberbullying Detection,11046
https://openalex.org/T14064,Organizational and Employee Performance,11026
https://openalex.org/T13559,Edcuational Technology Systems,11014
https://openalex.org/T10237,Cryptography and Data Security,10912
https://openalex.org/T12611,Neural Networks and Reservoir Computing,10711
https://openalex.org/T13702,Machine Learning in Healthcare,10684
https://openalex.org/T10215,Semantic Web and Ontologies,10545
https://openalex.org/T12260,Educational Technology and Pedagogy,10149
https://openalex.org/T11276,Solar Radiation and Photovoltaics,9583
https://openalex.org/T10100,Metaheuristic Optimization Algorithms Research,9004
https://openalex.org/T11652,Imbalanced Data Classification Techniques,8991
https://openalex.org/T12535,Machine Learning and Data Classification,8313
https://openalex.org/T11130,Coding theory and cryptography,6904
https://openalex.org/T11902,Intelligent Tutoring Systems and Adaptive Learning,6747
https://openalex.org/T10711,Target Tracking and Data Fusion in Sensor Networks,6666
https://openalex.org/T12131,Wireless Signal Modulation Classification,6335
https://openalex.org/T13650,Computational Physics and Python Applications,6253
https://openalex.org/T11598,Internet Traffic Analysis and Secure E-voting,6245
https://openalex.org/T11424,Security and Verification in Computing,5903
https://openalex.org/T13083,Advanced Text Analysis Techniques,5899
https://openalex.org/T14413,Advanced Technologies in Various Fields,5681
https://openalex.org/T11550,Text and Document Classification Technologies,5666
https://openalex.org/T12031,Speech and dialogue systems,5656
https://openalex.org/T10126,"Logic, programming, and type systems",5437
https://openalex.org/T10951,Cryptographic Implementations and Security,5409
https://openalex.org/T11303,Bayesian Modeling and Causal Inference,5289
https://openalex.org/T13851,"Law, AI, and Intellectual Property",5101
https://openalex.org/T11612,Stochastic Gradient Optimization Techniques,5053
https://openalex.org/T11901,Bayesian Methods and Mixture Models,4892
https://openalex.org/T13018,Seismology and Earthquake Studies,4842
https://openalex.org/T11010,"Logic, Reasoning, and Knowledge",4810
https://openalex.org/T13734,Advanced Computational Techniques and Applications,4744
https://openalex.org/T12072,Machine Learning and Algorithms,4660
https://openalex.org/T11574,Artificial Intelligence in Games,4649
https://openalex.org/T11269,Algorithms and Data Compression,4634
https://openalex.org/T12761,Data Stream Mining Techniques,4433
https://openalex.org/T10456,Multi-Agent Systems and Negotiation,4397
https://openalex.org/T11975,Evolutionary Algorithms and Applications,4148
https://openalex.org/T12814,Gaussian Processes and Bayesian Inference,4019
https://openalex.org/T13674,Computer Science and Engineering,4001
https://openalex.org/T12676,Machine Learning and ELM,3954
https://openalex.org/T12805,Cognitive Science and Mapping,3806
https://openalex.org/T10637,Advanced Clustering Algorithms Research,3698
https://openalex.org/T14335,Educational Robotics and Engineering,3421
https://openalex.org/T10820,Fuzzy Logic and Control Systems,3161
https://openalex.org/T10906,AI-based Problem Solving and Planning,3125
https://openalex.org/T13629,Text Readability and Simplification,2931
https://openalex.org/T12380,Authorship Attribution and Profiling,2374
https://openalex.org/T10639,Advanced Software Engineering Methodologies,2347
https://openalex.org/T13062,Cognitive Computing and Networks,2073
https://openalex.org/T13398,Data Analysis with R,2043
https://openalex.org/T13904,Artificial Intelligence Applications,1818
https://openalex.org/T14351,Statistical and Computational Modeling,1613
https://openalex.org/T13623,Linguistic Studies and Language Acquisition,1552
https://openalex.org/T13567,AI and Multimedia in Education,1402
https://openalex.org/T13935,Mathematical Control Systems and Analysis,1030
https://openalex.org/T14175,Intuitionistic Fuzzy Systems Applications,498
https://openalex.org/T14381,"Psychiatry, Mental Health, Neuroscience",438
https://openalex.org/T13898,Diverse Interdisciplinary Research Studies,172
https://openalex.org/T13514,Experience-Based Knowledge Management,84
