key,key_display_name,count
https://openalex.org/languages/en,English,908358
https://openalex.org/languages/ja,Japanese,28376
https://openalex.org/languages/id,Indonesian,23003
https://openalex.org/languages/it,Italian,4629
https://openalex.org/languages/fr,French,3479
https://openalex.org/languages/ar,Arabic,3311
https://openalex.org/languages/pt,Portuguese,2953
https://openalex.org/languages/ru,Russian,2770
https://openalex.org/languages/de,German,2156
https://openalex.org/languages/zh,Chinese,2094
https://openalex.org/languages/es,Spanish,2090
https://openalex.org/languages/tr,Turkish,2003
https://openalex.org/languages/uk,Ukrainian,1036
https://openalex.org/languages/lv,Latvian,549
https://openalex.org/languages/hu,Hungarian,474
https://openalex.org/languages/pl,Polish,399
https://openalex.org/languages/el,Modern Greek (1453-),336
https://openalex.org/languages/fa,Persian,322
https://openalex.org/languages/nl,Dutch,295
https://openalex.org/languages/ko,Korean,245
https://openalex.org/languages/ms,Malay (macrolanguage),229
https://openalex.org/languages/ng,Ndonga,228
https://openalex.org/languages/enc,,210
https://openalex.org/languages/vi,Vietnamese,200
https://openalex.org/languages/hi,Hindi,194
https://openalex.org/languages/ory,,191
https://openalex.org/languages/bn,Bengali,175
https://openalex.org/languages/fi,Finnish,155
https://openalex.org/languages/ang,,141
https://openalex.org/languages/cmn,,125
https://openalex.org/languages/uz,Uzbek,120
https://openalex.org/languages/sr,Serbian,119
https://openalex.org/languages/da,Danish,117
https://openalex.org/languages/hr,Croatian,116
https://openalex.org/languages/sv,Swedish,115
https://openalex.org/languages/ro,Romanian,114
https://openalex.org/languages/sl,Slovenian,110
https://openalex.org/languages/ca,Catalan,109
https://openalex.org/languages/gr,,91
https://openalex.org/languages/no,Norwegian,85
https://openalex.org/languages/cng,,84
https://openalex.org/languages/az,Azerbaijani,67
https://openalex.org/languages/et,Estonian,67
https://openalex.org/languages/kk,Kazakh,63
https://openalex.org/languages/he,Hebrew,60
https://openalex.org/languages/rm,Romansh,58
https://openalex.org/languages/cs,Czech,55
https://openalex.org/languages/th,Thai,51
https://openalex.org/languages/sq,Albanian,50
https://openalex.org/languages/sh,Serbo-Croatian,43
https://openalex.org/languages/la,Latin,37
https://openalex.org/languages/eu,Basque,36
https://openalex.org/languages/lt,Lithuanian,33
https://openalex.org/languages/sk,Slovak,32
https://openalex.org/languages/mr,Marathi,27
https://openalex.org/languages/영어,,27
https://openalex.org/languages/bg,Bulgarian,26
https://openalex.org/languages/eo,Esperanto,24
https://openalex.org/languages/enm,,20
https://openalex.org/languages/hy,Armenian,20
https://openalex.org/languages/jp,,20
https://openalex.org/languages/am,Amharic,18
https://openalex.org/languages/sw,Swahili (macrolanguage),16
https://openalex.org/languages/tl,Tagalog,15
https://openalex.org/languages/cpi,,13
https://openalex.org/languages/gl,Galician,13
https://openalex.org/languages/kn,Kannada,13
https://openalex.org/languages/mk,Macedonian,13
https://openalex.org/languages/ta,Tamil,12
https://openalex.org/languages/mis,,11
https://openalex.org/languages/mg,Malagasy,9
https://openalex.org/languages/nn,Norwegian Nynorsk,9
https://openalex.org/languages/ceb,,8
https://openalex.org/languages/ne,Nepali (macrolanguage),8
https://openalex.org/languages/Eng,,7
https://openalex.org/languages/ka,Georgian,7
https://openalex.org/languages/mn,Mongolian,7
https://openalex.org/languages/ga,Irish,6
https://openalex.org/languages/ts,Tsonga,6
https://openalex.org/languages/yi,Yiddish,6
https://openalex.org/languages/yo,Yoruba,6
https://openalex.org/languages/co,Corsican,5
https://openalex.org/languages/ku,Kurdish,5
https://openalex.org/languages/mul,,5
https://openalex.org/languages/ur,Urdu,5
https://openalex.org/languages/xx,,5
https://openalex.org/languages/af,Afrikaans,4
https://openalex.org/languages/arz,,4
https://openalex.org/languages/bs,Bosnian,4
https://openalex.org/languages/cih,,4
https://openalex.org/languages/eng,,4
https://openalex.org/languages/su,Sundanese,4
https://openalex.org/languages/中文,,4
https://openalex.org/languages/be,Belarusian,3
https://openalex.org/languages/bo,Tibetan,3
https://openalex.org/languages/cy,Welsh,3
https://openalex.org/languages/is,Icelandic,3
https://openalex.org/languages/mt,Maltese,3
https://openalex.org/languages/sa,Sanskrit,3
https://openalex.org/languages/si,Sinhala,3
https://openalex.org/languages/英语,,3
https://openalex.org/languages/ENG,,2
https://openalex.org/languages/afb,,2
https://openalex.org/languages/arb,,2
https://openalex.org/languages/br,Breton,2
https://openalex.org/languages/bzk,,2
https://openalex.org/languages/cjy,,2
https://openalex.org/languages/ckb,,2
https://openalex.org/languages/czo,,2
https://openalex.org/languages/end,,2
https://openalex.org/languages/fil,,2
https://openalex.org/languages/fo,Faroese,2
https://openalex.org/languages/gu,Gujarati,2
https://openalex.org/languages/gv,Manx,2
https://openalex.org/languages/inh,,2
https://openalex.org/languages/lb,Luxembourgish,2
https://openalex.org/languages/ml,Malayalam,2
https://openalex.org/languages/nb,Norwegian Bokmål,2
https://openalex.org/languages/om,Oromo,2
https://openalex.org/languages/orv,,2
https://openalex.org/languages/prm,,2
https://openalex.org/languages/pru,,2
https://openalex.org/languages/ps,Pushto,2
https://openalex.org/languages/scn,,2
https://openalex.org/languages/ua,,2
https://openalex.org/languages/DE,German,1
https://openalex.org/languages/ak,Akan,1
https://openalex.org/languages/ase,,1
https://openalex.org/languages/ast,,1
https://openalex.org/languages/azb,,1
https://openalex.org/languages/fy,Western Frisian,1
https://openalex.org/languages/ht,Haitian,1
https://openalex.org/languages/ia,Interlingua (International Auxiliary Language Association),1
https://openalex.org/languages/ie,Interlingue,1
https://openalex.org/languages/in,,1
https://openalex.org/languages/io,Ido,1
https://openalex.org/languages/km,Central Khmer,1
https://openalex.org/languages/kw,Cornish,1
https://openalex.org/languages/lo,Lao,1
https://openalex.org/languages/min,,1
https://openalex.org/languages/nds,,1
https://openalex.org/languages/nv,Navajo,1
https://openalex.org/languages/quk,,1
https://openalex.org/languages/se,Northern Sami,1
https://openalex.org/languages/war,,1
https://openalex.org/languages/zu,Zulu,1
